<annotation>
	<folder>elements</folder>
	<filename>00000000000080a0.png</filename>
	<path>C:\iSrc\ElementDetection\images\00000000000080a0.png</path>
	<source>
		<database>Unknown</database>
	</source>
	<size>
		<width>372</width>
		<height>28</height>
		<depth>3</depth>
	</size>
	<segmented>0</segmented>
	<object>
		<name>button</name>
		<pose>Unspecified</pose>
		<truncated>1</truncated>
		<difficult>0</difficult>
		<bndbox>
			<xmin>1</xmin>
			<ymin>1</ymin>
			<xmax>372</xmax>
			<ymax>28</ymax>
		</bndbox>
	</object>
</annotation>
