<annotation>
	<folder>elements</folder>
	<filename>0002c4cc80c01000.png</filename>
	<path>C:\iSrc\ElementDetection\images\0002c4cc80c01000.png</path>
	<source>
		<database>Unknown</database>
	</source>
	<size>
		<width>309</width>
		<height>85</height>
		<depth>3</depth>
	</size>
	<segmented>0</segmented>
	<object>
		<name>button</name>
		<pose>Unspecified</pose>
		<truncated>1</truncated>
		<difficult>0</difficult>
		<bndbox>
			<xmin>1</xmin>
			<ymin>1</ymin>
			<xmax>309</xmax>
			<ymax>85</ymax>
		</bndbox>
	</object>
</annotation>
