<annotation>
	<folder>elements</folder>
	<filename>0008609c9c640000.png</filename>
	<path>C:\iSrc\ElementDetection\images\0008609c9c640000.png</path>
	<source>
		<database>Unknown</database>
	</source>
	<size>
		<width>526</width>
		<height>49</height>
		<depth>3</depth>
	</size>
	<segmented>0</segmented>
	<object>
		<name>button</name>
		<pose>Unspecified</pose>
		<truncated>1</truncated>
		<difficult>0</difficult>
		<bndbox>
			<xmin>1</xmin>
			<ymin>1</ymin>
			<xmax>526</xmax>
			<ymax>49</ymax>
		</bndbox>
	</object>
</annotation>
