<annotation>
	<folder>elements</folder>
	<filename>0020149e9c6408ff.png</filename>
	<path>C:\iSrc\ElementDetection\images\0020149e9c6408ff.png</path>
	<source>
		<database>Unknown</database>
	</source>
	<size>
		<width>211</width>
		<height>76</height>
		<depth>3</depth>
	</size>
	<segmented>0</segmented>
	<object>
		<name>button</name>
		<pose>Unspecified</pose>
		<truncated>1</truncated>
		<difficult>0</difficult>
		<bndbox>
			<xmin>1</xmin>
			<ymin>1</ymin>
			<xmax>211</xmax>
			<ymax>76</ymax>
		</bndbox>
	</object>
</annotation>
