<annotation>
	<folder>elements</folder>
	<filename>00452a6de7cf0c20.png</filename>
	<path>C:\iSrc\ElementDetection\images\00452a6de7cf0c20.png</path>
	<source>
		<database>Unknown</database>
	</source>
	<size>
		<width>79</width>
		<height>138</height>
		<depth>3</depth>
	</size>
	<segmented>0</segmented>
	<object>
		<name>button</name>
		<pose>Unspecified</pose>
		<truncated>1</truncated>
		<difficult>0</difficult>
		<bndbox>
			<xmin>1</xmin>
			<ymin>1</ymin>
			<xmax>79</xmax>
			<ymax>138</ymax>
		</bndbox>
	</object>
</annotation>
