<annotation>
	<folder>elements</folder>
	<filename>00808c3a3e0c0003.png</filename>
	<path>C:\iSrc\ElementDetection\images\00808c3a3e0c0003.png</path>
	<source>
		<database>Unknown</database>
	</source>
	<size>
		<width>75</width>
		<height>150</height>
		<depth>3</depth>
	</size>
	<segmented>0</segmented>
	<object>
		<name>button</name>
		<pose>Unspecified</pose>
		<truncated>1</truncated>
		<difficult>0</difficult>
		<bndbox>
			<xmin>1</xmin>
			<ymin>1</ymin>
			<xmax>75</xmax>
			<ymax>150</ymax>
		</bndbox>
	</object>
</annotation>
