<annotation>
	<folder>elements</folder>
	<filename>00948a4c2d4d1045.png</filename>
	<path>C:\iSrc\ElementDetection\images\00948a4c2d4d1045.png</path>
	<source>
		<database>Unknown</database>
	</source>
	<size>
		<width>100</width>
		<height>30</height>
		<depth>3</depth>
	</size>
	<segmented>0</segmented>
	<object>
		<name>button</name>
		<pose>Unspecified</pose>
		<truncated>1</truncated>
		<difficult>0</difficult>
		<bndbox>
			<xmin>1</xmin>
			<ymin>1</ymin>
			<xmax>100</xmax>
			<ymax>30</ymax>
		</bndbox>
	</object>
</annotation>
